{"successful_requests": 100, "slowest": 0.3829614780006523, "fastest": 0.10476390999974683, "total_time": 2.299708268001268, "requests_per_minute": 2609, "requests_per_second": 43}